John,Bradley,90,ABCEF12345
John,Bradley,84,ABCEF12345
John,Bradley,58,ABCEF12345
John,Bradley,72,ABCEF12345
John,Bradley,35,ABCEF12345
John,Bradley,79,ABCEF12345
John,Bradley,81,ABCEF12345
John,Bradley,75,ABCEF12345
John,Bradley,39,ABCEF12345
John,Bradley,99,ABCEF12345
John,Bradley,55,ABCEF12345
John,Bradley,33,ABCEF12345
John,Bradley,91,ABCEF12345
John,Bradley,68,ABCEF12345
John,Bradley,51,ABCEF12345
John,Bradley,35,ABCEF12345
John,Bradley,99,ABCEF12345
John,Bradley,82,ABCEF12345
John,Bradley,56,ABCEF12345
John,Bradley,30,ABCEF12345
